{"bestK": 2, "P": 0.7341666666666666, "R": 0.5985444324194327, "ValidationF": 0.6448199135627496, "F": 0.659454807726303}