{"bestK": 9, "F": 0.7144535568924487, "bestThreadhold": 0.4, "P": 0.8395753968253973, "R": 0.6217884800384806, "ValidationF": 0.6855877040278603}