{"bestK": 1, "P": 0.6555423280423277, "R": 0.6111191077441075, "ValidationF": 0.6247261007562219, "F": 0.6325517321098386}