{"bestK": 2, "P": 0.7341666666666666, "R": 0.5985351731601736, "ValidationF": 0.6478080699974383, "F": 0.6594491878526345}