{"bestK": 2, "P": 0.7211382113821139, "R": 0.6004029965818585, "ValidationF": 0.6482329395579285, "F": 0.6552554554550167}