{"bestK": 1, "P": 0.6763056606146033, "R": 0.636290325152114, "ValidationF": 0.6330930454742751, "F": 0.6556880462243948}