{"bestK": 2, "P": 0.7224932249322493, "R": 0.6018896400197212, "ValidationF": 0.6525752950108433, "F": 0.6567001107899859}