{"bestK": 7, "F": 0.6480087864104634, "bestThreadhold": 0.5, "P": 0.8231468253968254, "R": 0.534322811447812, "ValidationF": 0.6298525008104991}