{"bestK": 1, "P": 0.5848203601953598, "R": 0.5718268398268403, "ValidationF": 0.5702990533312113, "F": 0.5782506168354334}