{"bestK": 2, "P": 0.7158333333333333, "R": 0.5850576599326599, "ValidationF": 0.6282121717573349, "F": 0.6438722030819117}