{"bestK": 6, "F": 0.6971566657452786, "bestThreadhold": 0.5, "P": 0.8140396825396824, "R": 0.6096243987493992, "ValidationF": 0.6753153012333215}