{"bestK": 2, "P": 0.7183333333333334, "R": 0.5873598484848486, "ValidationF": 0.6287021160243893, "F": 0.6462776457800872}