{"bestK": 1, "P": 0.6661772486772485, "R": 0.6093790283790284, "ValidationF": 0.619333319299008, "F": 0.6365135773766343}