{"bestK": 1, "P": 0.5265993867243867, "R": 0.5276832611832614, "ValidationF": 0.5304552068630274, "F": 0.5271407668053948}