{"bestK": 7, "F": 0.6235023219128629, "bestThreadhold": 0.5, "P": 0.8271944444444445, "R": 0.5003049543049543, "ValidationF": 0.6102420120270408}