{"bestK": 1, "P": 0.9883333333333333, "R": 0.4489451659451662, "ValidationF": 0.604076181494209, "F": 0.6174272732323063}