{"bestK": 9, "F": 0.7135181502918352, "bestThreadhold": 0.4, "P": 0.8277420634920638, "R": 0.6269960918710925, "ValidationF": 0.6849502582528679}