{"bestK": 2, "P": 0.7175, "R": 0.5872930495430498, "ValidationF": 0.643092535676372, "F": 0.6458997665487417}