{"bestK": 1, "P": 0.6625284391534388, "R": 0.6096607744107745, "ValidationF": 0.6201979664506806, "F": 0.6349961106049884}