{"bestK": 2, "P": 0.7291666666666666, "R": 0.5960430495430499, "ValidationF": 0.6383084328240256, "F": 0.6559184079455724}